{
    "accuracy": 0.9638989169675091,
    "precision": 0.875,
    "recall": 0.75,
    "auc": 0.8689759036144578
}